Workbook

Sheet Asset Allocation
A1: Aligned V5 — Website Asset Allocation
A2: Every image/video slot across the 6 pages. Status: Done = on disk & wired · Generate = AI (OpenArt pipeline) · Real photo = must be shot/sourced · Reuse = point at an existing file, no new asset.
A4: # | B4: Page | C4: Location on page (section / headline) | D4: Code ref | E4: Current source | F4: Target file | G4: Size | H4: Type | I4: Status | J4: Priority | K4: Notes / why
A5: 1 | B5: Global | C5: Nav bar + footer logo (all 6 pages) | D5: all pages | E5: images/aligned-logo-white.png | F5: images/aligned-logo-white.png | G5: SVG-ish PNG | H5: Logo | I5: Done | J5: — | K5: Live. Dark variant aligned-logo-dark.png also on disk.
A6: 2 | B6: Global | C6: Reviews badge strip | D6: index.html:741 | E6: images/google-reviews.png | F6: images/google-reviews.png | G6: auto | H6: Graphic | I6: Done | J6: — | K6: Live.
A7: 3 | B7: index | C7: Landing pop-up — 'RM50 off your first assessment' voucher tile | D7: index.html:887 | E7: images/gonstead-exam.jpg (filler) | F7: images/banners/news-featured-offer.jpg | G7: 16:9 | H7: Photo | I7: Generate | J7: P2 | K7: Shares one file with the news featured card. Bright, no scrim on this tile.
A8: 4 | B8: index | C8: Hero — 'A New Definition Of Health' / 'Movement is freedom.' | D8: index.html:942-943 | E8: images/hero-adjustment.mp4 + hero-poster.jpg | F8: images/hero-adjustment.mp4 | G8: video | H8: Video | I8: Done | J8: — | K8: Live. Poster frame doubles as filler elsewhere — replace those, not this.
A9: 5 | B9: index | C9: Belief section — 'Movement is freedom.' side image | D9: index.html:985 | E9: picsum aligned-freedom-walk | F9: images/lifestyle/freedom-walk.jpg | G9: 900x1125 | H9: Photo | I9: Generate | J9: P2 | K9: Anonymous lifestyle. Reuse conditions STYLE_PREFIX, bright/DAY mood.
A10: 6 | B10: index | C10: Problem section background — 'Back pain, a stiff neck, or pain that keeps coming back?' | D10: index.html:997 | E10: images/gonstead-exam.jpg (filler) | F10: images/conditions/back-pain.jpg | G10: 16:9 | H10: Photo | I10: Reuse | J10: P1 | K10: No new asset. Already-generated back-pain.jpg is the right DIM mood and on-message.
A11: 7 | B11: index | C11: 'What are we helping you with?' condition deck (16 cards) | D11: index.html:1649 (JS) | E11: images/conditions/<slug>.jpg | F11: images/conditions/*.jpg | G11: 640x420 | H11: Photo | I11: Done | J11: — | K11: All 16 generated + wired. Shared with the chiropractic.html grid.
A12: 8 | B12: index | C12: Our services — 'Chiro Adjustment' card | D12: index.html:1065 | E12: images/gonstead-exam.jpg | F12: images/gonstead-exam.jpg | G12: auto | H12: Photo | I12: Done | J12: — | K12: Legitimate use — it is an actual adjustment photo, not filler.
A13: 9 | B13: index | C13: Our services — 'Rehab' card | D13: index.html:1074 | E13: images/chiro-physio-together.jpg | F13: images/chiro-physio-together.jpg | G13: auto | H13: Photo | I13: Done | J13: — | K13: Live.
A14: 10 | B14: index | C14: Our services — 'Animal Chiro' card | D14: index.html:1083 | E14: images/pet-senior-mobility.jpg | F14: images/pet-senior-mobility.jpg | G14: auto | H14: Photo | I14: Done | J14: — | K14: Live.
A15: 11 | B15: index | C15: Gonstead banner — 'Five-point diagnostics, down to the millimetre.' — layer 01 Visualization | D15: index.html:1104 | E15: images/gonstead-exam.jpg (filler) | F15: images/banners/gonstead-01-visualization.jpg | G15: 16:9 | H15: Photo | I15: Generate | J15: P1 | K15: Hover layer must match tile data-i=0. Posture/gait read against a plain wall. Dark, face-safe, quiet centre.
A16: 12 | B16: index | C16: Gonstead banner — 'Five-point diagnostics, down to the millimetre.' — layer 02 Instrumentation | D16: index.html:1105 | E16: images/chiro-physio-together.jpg (filler) | F16: images/banners/gonstead-02-instrumentation.jpg | G16: 16:9 | H16: Photo | I16: Generate | J16: P1 | K16: Nervoscope dual-probe close-up down the spine. The most distinctive Gonstead visual.
... A78: 74 | B78: news | C78: Final CTA background — 'Read enough. Feel the difference instead.' | D78: news.html:201 | E78: images/gonstead-exam.jpg (filler) | F78: images/banners/cta-adjustment.jpg | G78: 16:9 | H78: Photo | I78: Reuse | J78: P1 | K78: Shared CTA file.

Sheet Summary
A1: Summary — where the work is
A3: By status
A4: Status | B4: Slots
A5: Done — on disk & wired | B5: =COUNTIF('Asset Allocation'!$I$5:$I$78,"Done")
A6: Generate — AI pipeline | B6: =COUNTIF('Asset Allocation'!$I$5:$I$78,"Generate")
A7: Real photo — shoot/source | B7: =COUNTIF('Asset Allocation'!$I$5:$I$78,"Real photo")
A8: Reuse — no new asset | B8: =COUNTIF('Asset Allocation'!$I$5:$I$78,"Reuse")
A9: Total slots | B9: =SUM(B5:B8)
A11: Outstanding by priority (excludes Done)
A12: Priority | B12: Slots
A13: P1 — blocks launch credibility | B13: =COUNTIF('Asset Allocation'!$J$5:$J$78,"P1")
A14: P2 — visible polish | B14: =COUNTIF('Asset Allocation'!$J$5:$J$78,"P2")
A15: P3 — nice to have | B15: =COUNTIF('Asset Allocation'!$J$5:$J$78,"P3")
A18: By page
A19: Page | B19: Total | C19: Done | D19: Generate | E19: Real photo | F19: Reuse
A20: index | B20: =COUNTIF('Asset Allocation'!$B$5:$B$78,A20) | C20: =COUNTIFS('Asset Allocation'!$B$5:$B$78,$A20,'Asset Allocation'!$I$5:$I$78,"Done") | D20: =COUNTIFS('Asset Allocation'!$B$5:$B$78,$A20,'Asset Allocation'!$I$5:$I$78,"Generate") | E20: =COUNTIFS('Asset Allocation'!$B$5:$B$78,$A20,'Asset Allocation'!$I$5:$I$78,"Real photo") | F20: =COUNTIFS('Asset Allocation'!$B$5:$B$78,$A20,'Asset Allocation'!$I$5:$I$78,"Reuse")
A21: about | B21: =COUNTIF('Asset Allocation'!$B$5:$B$78,A21) | C21: =COUNTIFS('Asset Allocation'!$B$5:$B$78,$A21,'Asset Allocation'!$I$5:$I$78,"Done") | D21: =COUNTIFS('Asset Allocation'!$B$5:$B$78,$A21,'Asset Allocation'!$I$5:$I$78,"Generate") | E21: =COUNTIFS('Asset Allocation'!$B$5:$B$78,$A21,'Asset Allocation'!$I$5:$I$78,"Real photo") | F21: =COUNTIFS('Asset Allocation'!$B$5:$B$78,$A21,'Asset Allocation'!$I$5:$I$78,"Reuse")
A22: chiropractic | B22: =COUNTIF('Asset Allocation'!$B$5:$B$78,A22) | C22: =COUNTIFS('Asset Allocation'!$B$5:$B$78,$A22,'Asset Allocation'!$I$5:$I$78,"Done") | D22: =COUNTIFS('Asset Allocation'!$B$5:$B$78,$A22,'Asset Allocation'!$I$5:$I$78,"Generate") | E22: =COUNTIFS('Asset Allocation'!$B$5:$B$78,$A22,'Asset Allocation'!$I$5:$I$78,"Real photo") | F22: =COUNTIFS('Asset Allocation'!$B$5:$B$78,$A22,'Asset Allocation'!$I$5:$I$78,"Reuse")
A23: pet-chiro | B23: =COUNTIF('Asset Allocation'!$B$5:$B$78,A23) | C23: =COUNTIFS('Asset Allocation'!$B$5:$B$78,$A23,'Asset Allocation'!$I$5:$I$78,"Done") | D23: =COUNTIFS('Asset Allocation'!$B$5:$B$78,$A23,'Asset Allocation'!$I$5:$I$78,"Generate") | E23: =COUNTIFS('Asset Allocation'!$B$5:$B$78,$A23,'Asset Allocation'!$I$5:$I$78,"Real photo") | F23: =COUNTIFS('Asset Allocation'!$B$5:$B$78,$A23,'Asset Allocation'!$I$5:$I$78,"Reuse")
A24: shop | B24: =COUNTIF('Asset Allocation'!$B$5:$B$78,A24) | C24: =COUNTIFS('Asset Allocation'!$B$5:$B$78,$A24,'Asset Allocation'!$I$5:$I$78,"Done") | D24: =COUNTIFS('Asset Allocation'!$B$5:$B$78,$A24,'Asset Allocation'!$I$5:$I$78,"Generate") | E24: =COUNTIFS('Asset Allocation'!$B$5:$B$78,$A24,'Asset Allocation'!$I$5:$I$78,"Real photo") | F24: =COUNTIFS('Asset Allocation'!$B$5:$B$78,$A24,'Asset Allocation'!$I$5:$I$78,"Reuse")
A25: news | B25: =COUNTIF('Asset Allocation'!$B$5:$B$78,A25) | C25: =COUNTIFS('Asset Allocation'!$B$5:$B$78,$A25,'Asset Allocation'!$I$5:$I$78,"Done") | D25: =COUNTIFS('Asset Allocation'!$B$5:$B$78,$A25,'Asset Allocation'!$I$5:$I$78,"Generate") | E25: =COUNTIFS('Asset Allocation'!$B$5:$B$78,$A25,'Asset Allocation'!$I$5:$I$78,"Real photo") | F25: =COUNTIFS('Asset Allocation'!$B$5:$B$78,$A25,'Asset Allocation'!$I$5:$I$78,"Reuse")
A26: Global | B26: =COUNTIF('Asset Allocation'!$B$5:$B$78,A26) | C26: =COUNTIFS('Asset Allocation'!$B$5:$B$78,$A26,'Asset Allocation'!$I$5:$I$78,"Done") | D26: =COUNTIFS('Asset Allocation'!$B$5:$B$78,$A26,'Asset Allocation'!$I$5:$I$78,"Generate") | E26: =COUNTIFS('Asset Allocation'!$B$5:$B$78,$A26,'Asset Allocation'!$I$5:$I$78,"Real photo") | F26: =COUNTIFS('Asset Allocation'!$B$5:$B$78,$A26,'Asset Allocation'!$I$5:$I$78,"Reuse")
A28: Note: 'slots' counts placements, not unique files — e.g. one cta-adjustment.jpg fills 4 CTA bands, and the collab marquee repeats its 6 files twice for the loop.

Sheet Photo Shoot List
A1: Real photography — the shoot list
A2: Everything here fails if generated: real staff identities, the actual clinic, real products, real events, and patient testimonials (an AI face on a testimonial is a fabricated endorsement).
A4: Grouping | B4: What to shoot | C4: Where it lands | D4: Size | E4: Notes
A5: Session 1 — Clinic day | B5: Team portraits x5 (Daniel, Sarah, Marcus, Jasmine, Amanda) | C5: about.html:141-236 + index:1162 + shop:247 | D5: 500x700 + 300x300 sq crop | E5: Consistent lighting/background across all 5. Shoot square crop for the shop quote block at the same time.
A6: Session 1 — Clinic day | B6: Team group shot | C6: about.html:109 | D6: 1800x1000 | E6: Wide, room to breathe — it is the about hero.
A7: Session 1 — Clinic day | B7: Clinic interiors x4 (reception, adjustment rooms, X-ray suite, rehab corner) | C7: about.html:263-266 | D7: 840x600 | E7: The X-ray suite shot backs a differentiator claim — make it look like real equipment.
A8: Session 1 — Clinic day | B8: Product shots x3 (cervical pillow, lumbar cushion, posture trainer) | C8: shop.html:151-193 | D8: 1200x750 | E8: Clean consistent background. Must match what ships.
A9: Desk task | B9: Mid Valley location map | C9: about.html:290 | D9: 900x620 | E9: Not a shoot — Google Maps embed or Static Maps screenshot of the real address.
A10: Archive pull | B10: Collaboration photos x6 (sports, seminars, corporate, community, athletes, overseas training) | C10: index.html:1281-1286 | D10: 640x420 | E10: Existing event photos. If a category has no real photo, cut that tile rather than generate one.
A11: Consent required | B11: Patient stories x3 + avatars x3 (Mei, Arvind, Faiz) | C11: index.html:1189-1224 | D11: 800x500 + 100x100 | E11: Needs real patients with signed consent. If unavailable, replace with text-only quotes or drop the section — do not generate faces.

Sheet Generation Queue
A1: Generative queue — ready for the OpenArt pipeline
A2: Prompts for the banner set are written in IMAGE-PROMPTS.md §5. Model: nano-banana-pro, autoEnhancePrompt:false, 2K. All banners sit under a dark scrim: dim mood, quiet centre, no identifiable faces.
A4: Priority | B4: Batch | C4: Slots | D4: Prompt source | E4: Notes
A5: P1 | B5: Gonstead banner x5 (Visualization, Instrumentation, Static palpation, Motion palpation, X-ray analysis) | C5: index.html:1104-1108 | D5: IMAGE-PROMPTS.md §5a | E5: 16:9 — hover layers behind 'Five-point diagnostics, down to the millimetre.'
A6: P1 | B6: CTA banner x1 (fills 4 slots) | C6: about:299, chiropractic:385, shop:258, news:201 | D6: IMAGE-PROMPTS.md §5c | E6: 16:9 — subject left third, dark negative space for headline.
A7: P1 | B7: Dog spine X-ray overlay | C7: pet-chiro.html:184 | D7: IMAGE-PROMPTS.md §5 (痛点 v2 style) | E7: 900x1125 — behind 'His spine works exactly like yours.'
A8: P2 | B8: Journey strips x5 (Listen, Assess, Personalise, Restore, Maintain) | C8: index.html:1236-1240 | D8: IMAGE-PROMPTS.md §5b | E8: 3:4 portrait — behind 'Five steps, from listening to lasting.'
A9: P2 | B9: News featured offer x1 (fills 2 slots) | C9: news:115 + index:887 | D9: IMAGE-PROMPTS.md §5d | E9: 16:9 — bright, no scrim on these.
A10: P2 | B10: Pet category cards x4 (senior, active, recovery, cats) | C10: pet-chiro.html:245-248 | D10: Extend §3 pet-signs style | E10: 500x450 — candid home settings.
A11: P2 | B11: Pet chiro teaser x1 (fills 2 slots) | C11: index:1309 + pet-chiro:316 | D11: New — needs prompt | E11: 900x700 + 1600x900 crop.
A12: P2 | B12: Freedom walk lifestyle | C12: index.html:985 | D12: New — needs prompt | E12: 900x1125 — behind 'Movement is freedom.'
A13: P2 | B13: Gift voucher graphic | C13: shop.html:214 | D13: Design, not photo | E13: 1200x750 — branded graphic.
A14: P3 | B14: News article covers x6 | C14: news.html:126-171 | D14: New — needs prompts | E14: 700x440 — 'sitting' and 'slipdisc' could reuse existing conditions images instead.
